Week,Game,Bill,Jason,Luci,KB,Gabe,Barille,Victor L,Vic Cianci,Rap,Jono,Samber,Frank,Farley,Val,Sausage,Doddy,Kayla,Sam Fik,Klick,Blake,Tony C,Bobby S,John Dodson,RYTY
Week 1,Game 1,Tampa Bay -2.5,Tampa Bay -2.5,Tampa Bay -2.5,Tampa Bay -2.5,Atlanta +2.5,Atlanta +2.5,Tampa Bay -2.5,Tampa Bay -2.5,Atlanta +2.5,Tampa Bay -2.5,Tampa Bay -2.5,Tampa Bay -2.5,Tampa Bay -2.5,Tampa Bay -2.5,Atlanta +2.5,Tampa Bay -2.5,Tampa Bay -2.5,Tampa Bay -2.5,Tampa Bay -2.5,Atlanta +2.5,Tampa Bay -2.5,Atlanta +2.5,Tampa Bay -2.5,Atlanta +2.5
Week 1,Game 2,Cleveland +4.5,Cincinnati -4.5,Cleveland +4.5,Cleveland +4.5,Cleveland +4.5,Cleveland +4.5,Cleveland +4.5,Cincinnati -4.5,Cleveland +4.5,Cleveland +4.5,Cincinnati -4.5,Cleveland +4.5,Cleveland +4.5,Cleveland +4.5,Cincinnati -4.5,Cincinnati -4.5,Cleveland +4.5,Cleveland +4.5,Cincinnati -4.5,Cincinnati -4.5,Cincinnati -4.5,Cleveland +4.5,Cincinnati -4.5,Cleveland +4.5
Week 1,Game 3,New England -2.5,New England -2.5,New England -2.5,New England -2.5,New England -2.5,New England -2.5,Las Vegas +2.5,Las Vegas +2.5,New England -2.5,New England -2.5,Las Vegas +2.5,New England -2.5,New England -2.5,New England -2.5,New England -2.5,New England -2.5,Las Vegas +2.5,Las Vegas +2.5,New England -2.5,Las Vegas +2.5,Las Vegas +2.5,New England -2.5,New England -2.5,New England -2.5
Week 1,Game 4,New Orleans +6.5,Arizona -6.5,Arizona -6.5,Arizona -6.5,Arizona -6.5,Arizona -6.5,Arizona -6.5,Arizona -6.5,Arizona -6.5,Arizona -6.5,Arizona -6.5,Arizona -6.5,Arizona -6.5,Arizona -6.5,Arizona -6.5,Arizona -6.5,New Orleans +6.5,New Orleans +6.5,Arizona -6.5,Arizona -6.5,Arizona -6.5,New Orleans +6.5,New Orleans +6.5,Arizona -6.5
Week 1,Game 5,Washington -5.5,Washington -5.5,N.Y. Giants +5.5,Washington -5.5,Washington -5.5,N.Y. Giants +5.5,Washington -5.5,Washington -5.5,Washington -5.5,Washington -5.5,Washington -5.5,N.Y. Giants +5.5,N.Y. Giants +5.5,N.Y. Giants +5.5,N.Y. Giants +5.5,Washington -5.5,N.Y. Giants +5.5,Washington -5.5,Washington -5.5,Washington -5.5,Washington -5.5,Washington -5.5,Washington -5.5,N.Y. Giants +5.5
Week 1,Game 6,Denver -8.5,Tennessee +8.5,Tennessee +8.5,Denver -8.5,Denver -8.5,Denver -8.5,Denver -8.5,Denver -8.5,Denver -8.5,Tennessee +8.5,Denver -8.5,Denver -8.5,Denver -8.5,Denver -8.5,Denver -8.5,Denver -8.5,Denver -8.5,Denver -8.5,Tennessee +8.5,Denver -8.5,Denver -8.5,Denver -8.5,Tennessee +8.5,Tennessee +8.5
Week 1,Game 7,Detriot +2.5,Detriot +2.5,Detriot +2.5,Detriot +2.5,Green Bay -2.5,Green Bay -2.5,Detriot +2.5,Detriot +2.5,Detriot +2.5,Detriot +2.5,Detriot +2.5,Detriot +2.5,Detriot +2.5,Green Bay -2.5,Green Bay -2.5,Green Bay -2.5,Detriot +2.5,Detriot +2.5,Detriot +2.5,Green Bay -2.5,Detriot +2.5,Detriot +2.5,Detriot +2.5,Green Bay -2.5
Week 1,Game 8,Houston +2.5,Houston +2.5,Houston +2.5,L.A. Rams -2.5,L.A. Rams -2.5,Houston +2.5,L.A. Rams -2.5,L.A. Rams -2.5,Houston +2.5,Houston +2.5,L.A. Rams -2.5,L.A. Rams -2.5,L.A. Rams -2.5,L.A. Rams -2.5,L.A. Rams -2.5,L.A. Rams -2.5,L.A. Rams -2.5,Houston +2.5,L.A. Rams -2.5,L.A. Rams -2.5,Houston +2.5,Houston +2.5,Houston +2.5,L.A. Rams -2.5
Week 1,Game 9,Buffalo -1.5,Baltimore +1.5,Baltimore +1.5,Buffalo -1.5,Buffalo -1.5,Buffalo -1.5,Baltimore +1.5,Baltimore +1.5,Baltimore +1.5,Buffalo -1.5,Buffalo -1.5,Baltimore +1.5,Baltimore +1.5,Baltimore +1.5,Buffalo -1.5,Baltimore +1.5,Baltimore +1.5,Buffalo -1.5,Buffalo -1.5,Buffalo -1.5,Buffalo -1.5,Buffalo -1.5,Buffalo -1.5,Baltimore +1.5
Week 1,Game 10,Minnesota -1.5,Chicago +1.5,Minnesota -1.5,Minnesota -1.5,Chicago +1.5,Minnesota -1.5,Minnesota -1.5,Minnesota -1.5,Minnesota -1.5,Chicago +1.5,Chicago +1.5,Chicago +1.5,Chicago +1.5,Minnesota -1.5,Chicago +1.5,Chicago +1.5,Minnesota -1.5,Minnesota -1.5,Minnesota -1.5,Minnesota -1.5,Chicago +1.5,Chicago +1.5,Minnesota -1.5,Minnesota -1.5
Week 1,Tiebreaker,51,47,44,41,45,44,41,44,41,41,45,44,48,54,44,44,38,45,44,43,38,42,42,44
Week 2,Game 1,Cincinnati -3.5,Cincinnati -3.5,Jacksonville +3.5,Jacksonville +3.5,Cincinnati -3.5,Jacksonville +3.5,Cincinnati -3.5,Jacksonville +3.5,Jacksonville +3.5,Jacksonville +3.5,Cincinnati -3.5,Cincinnati -3.5,Cincinnati -3.5,Cincinnati -3.5,Cincinnati -3.5,Cincinnati -3.5,Jacksonville +3.5,Cincinnati -3.5,Cincinnati -3.5,Cincinnati -3.5,Jacksonville +3.5,Cincinnati -3.5,Jacksonville +3.5,Cincinnati -3.5
Week 2,Game 2,Dallas -5.5,Dallas -5.5,Dallas -5.5,Dallas -5.5,N.Y. Giants +5.5,Dallas -5.5,Dallas -5.5,Dallas -5.5,Dallas -5.5,Dallas -5.5,Dallas -5.5,Dallas -5.5,Dallas -5.5,N.Y. Giants +5.5,Dallas -5.5,Dallas -5.5,Dallas -5.5,Dallas -5.5,N.Y. Giants +5.5,Dallas -5.5,Dallas -5.5,Dallas -5.5,N.Y. Giants +5.5,N.Y. Giants +5.5
Week 2,Game 3,L.A. Rams -5.5,L.A. Rams -5.5,L.A. Rams -5.5,Tennessee +5.5,Tennessee +5.5,L.A. Rams -5.5,L.A. Rams -5.5,L.A. Rams -5.5,Tennessee +5.5,L.A. Rams -5.5,L.A. Rams -5.5,L.A. Rams -5.5,L.A. Rams -5.5,L.A. Rams -5.5,L.A. Rams -5.5,L.A. Rams -5.5,L.A. Rams -5.5,Tennessee +5.5,L.A. Rams -5.5,L.A. Rams -5.5,Tennessee +5.5,L.A. Rams -5.5,Tennessee +5.5,Tennessee +5.5
Week 2,Game 4,New England +1.5,New England +1.5,New England +1.5,New England +1.5,New England +1.5,New England +1.5,Miami -1.5,New England +1.5,Miami -1.5,Miami -1.5,New England +1.5,Miami -1.5,Miami -1.5,New England +1.5,New England +1.5,New England +1.5,Miami -1.5,New England +1.5,Miami -1.5,New England +1.5,Miami -1.5,New England +1.5,New England +1.5,New England +1.5
Week 2,Game 5,Buffalo -6.5,Buffalo -6.5,Buffalo -6.5,N.Y. Jets +6.5,N.Y. Jets +6.5,N.Y. Jets +6.5,Buffalo -6.5,Buffalo -6.5,Buffalo -6.5,Buffalo -6.5,Buffalo -6.5,N.Y. Jets +6.5,Buffalo -6.5,Buffalo -6.5,N.Y. Jets +6.5,Buffalo -6.5,Buffalo -6.5,Buffalo -6.5,Buffalo -6.5,Buffalo -6.5,N.Y. Jets +6.5,N.Y. Jets +6.5,Buffalo -6.5,N.Y. Jets +6.5
Week 2,Game 6,Cleveland +11.5,Baltimore -11.5,Cleveland +11.5,Cleveland +11.5,Cleveland +11.5,Cleveland +11.5,Baltimore -11.5,Cleveland +11.5,Cleveland +11.5,Cleveland +11.5,Baltimore -11.5,Cleveland +11.5,Cleveland +11.5,Baltimore -11.5,Cleveland +11.5,Cleveland +11.5,Cleveland +11.5,Cleveland +11.5,Cleveland +11.5,Baltimore -11.5,Baltimore -11.5,Cleveland +11.5,Baltimore -11.5,Baltimore -11.5
Week 2,Game 7,Carolina +6.5,Arizona -6.5,Arizona -6.5,Arizona -6.5,Arizona -6.5,Arizona -6.5,Arizona -6.5,Carolina +6.5,Arizona -6.5,Arizona -6.5,Arizona -6.5,Arizona -6.5,Arizona -6.5,Carolina +6.5,Arizona -6.5,Arizona -6.5,Arizona -6.5,Arizona -6.5,Arizona -6.5,Arizona -6.5,Arizona -6.5,Arizona -6.5,Arizona -6.5,Arizona -6.5
Week 2,Game 8,Kansas City +1.5,Philadelphia -1.5,Philadelphia -1.5,Philadelphia -1.5,Philadelphia -1.5,Kansas City +1.5,Philadelphia -1.5,Philadelphia -1.5,Philadelphia -1.5,Kansas City +1.5,Kansas City +1.5,Kansas City +1.5,Kansas City +1.5,Philadelphia -1.5,Kansas City +1.5,Kansas City +1.5,Kansas City +1.5,Kansas City +1.5,Kansas City +1.5,Kansas City +1.5,Philadelphia -1.5,Philadelphia -1.5,Kansas City +1.5,Philadelphia -1.5
Week 2,Game 9,Minnesota -3.5,Minnesota -3.5,Atlanta +3.5,Atlanta +3.5,Minnesota -3.5,Atlanta +3.5,Atlanta +3.5,Minnesota -3.5,Minnesota -3.5,Atlanta +3.5,Atlanta +3.5,Atlanta +3.5,Atlanta +3.5,Atlanta +3.5,Atlanta +3.5,Minnesota -3.5,Minnesota -3.5,Minnesota -3.5,Minnesota -3.5,Atlanta +3.5,Minnesota -3.5,Minnesota -3.5,Minnesota -3.5,Minnesota -3.5
Week 2,Game 10,Tampa Bay +2.5,Tampa Bay +2.5,Houston -2.5,Tampa Bay +2.5,Tampa Bay +2.5,Tampa Bay +2.5,Houston -2.5,Tampa Bay +2.5,Tampa Bay +2.5,Tampa Bay +2.5,Houston -2.5,Tampa Bay +2.5,Tampa Bay +2.5,Tampa Bay +2.5,Tampa Bay +2.5,Tampa Bay +2.5,Tampa Bay +2.5,Houston -2.5,Tampa Bay +2.5,Tampa Bay +2.5,Houston -2.5,Houston -2.5,Houston -2.5,Houston -2.5
Week 2,Tiebreaker,45,49,45,39,46,45,48,52,45,46,48,44,48,56,44,43,44,47,44,46,48,46,43,36
Week 3,Game 1,Cleveland +7.5,Green Bay -7.5,Green Bay -7.5,Green Bay -7.5,Cleveland +7.5,Cleveland +7.5,Cleveland +7.5,Cleveland +7.5,Cleveland +7.5,Green Bay -7.5,Green Bay -7.5,Cleveland +7.5,Cleveland +7.5,Green Bay -7.5,Green Bay -7.5,Green Bay -7.5,Green Bay -7.5,Cleveland +7.5,Cleveland +7.5,Green Bay -7.5,Cleveland +7.5,Cleveland +7.5,Green Bay -7.5,Cleveland +7.5
Week 3,Game 2,Indianapolis -4.5,Tennessee +4.5,Tennessee +4.5,Indianapolis -4.5,Indianapolis -4.5,Tennessee +4.5,Indianapolis -4.5,Indianapolis -4.5,Tennessee +4.5,Tennessee +4.5,Indianapolis -4.5,Tennessee +4.5,Indianapolis -4.5,Tennessee +4.5,Tennessee +4.5,Tennessee +4.5,Indianapolis -4.5,Tennessee +4.5,Indianapolis -4.5,Indianapolis -4.5,Tennessee +4.5,Indianapolis -4.5,Indianapolis -4.5,Tennessee +4.5
Week 3,Game 3,Pittsburgh -1.5,Pittsburgh -1.5,New England +1.5,New England +1.5,New England +1.5,New England +1.5,New England +1.5,Pittsburgh -1.5,Pittsburgh -1.5,Pittsburgh -1.5,Pittsburgh -1.5,Pittsburgh -1.5,Pittsburgh -1.5,New England +1.5,New England +1.5,New England +1.5,New England +1.5,Pittsburgh -1.5,Pittsburgh -1.5,New England +1.5,Pittsburgh -1.5,New England +1.5,Pittsburgh -1.5,Pittsburgh -1.5
Week 3,Game 4,Philadelphia -3.5,Philadelphia -3.5,Philadelphia -3.5,Philadelphia -3.5,Philadelphia -3.5,L.A. Rams +3.5,Philadelphia -3.5,L.A. Rams +3.5,Philadelphia -3.5,Philadelphia -3.5,L.A. Rams +3.5,Philadelphia -3.5,Philadelphia -3.5,L.A. Rams +3.5,L.A. Rams +3.5,Philadelphia -3.5,L.A. Rams +3.5,Philadelphia -3.5,Philadelphia -3.5,Philadelphia -3.5,L.A. Rams +3.5,Philadelphia -3.5,Philadelphia -3.5,L.A. Rams +3.5
Week 3,Game 5,Tampa Bay -6.5,Tampa Bay -6.5,Tampa Bay -6.5,Tampa Bay -6.5,Tampa Bay -6.5,N.Y. Jets +6.5,Tampa Bay -6.5,Tampa Bay -6.5,Tampa Bay -6.5,Tampa Bay -6.5,Tampa Bay -6.5,Tampa Bay -6.5,Tampa Bay -6.5,Tampa Bay -6.5,N.Y. Jets +6.5,N.Y. Jets +6.5,Tampa Bay -6.5,Tampa Bay -6.5,Tampa Bay -6.5,Tampa Bay -6.5,N.Y. Jets +6.5,Tampa Bay -6.5,N.Y. Jets +6.5,N.Y. Jets +6.5
Week 3,Game 6,Houston +1.5,Houston +1.5,Houston +1.5,Jacksonville -1.5,Houston +1.5,Houston +1.5,Houston +1.5,Houston +1.5,Houston +1.5,Houston +1.5,Houston +1.5,Jacksonville -1.5,Houston +1.5,Houston +1.5,Houston +1.5,Jacksonville -1.5,Houston +1.5,Jacksonville -1.5,Houston +1.5,Houston +1.5,Houston +1.5,Houston +1.5,Houston +1.5,Houston +1.5
Week 3,Game 7,Dallas -1.5,Dallas -1.5,Dallas -1.5,Dallas -1.5,Chicago +1.5,Chicago +1.5,Dallas -1.5,Chicago +1.5,Chicago +1.5,Dallas -1.5,Dallas -1.5,Dallas -1.5,Chicago +1.5,Dallas -1.5,Dallas -1.5,Chicago +1.5,Dallas -1.5,Dallas -1.5,Chicago +1.5,Dallas -1.5,Dallas -1.5,Chicago +1.5,Chicago +1.5,Chicago +1.5
Week 3,Game 8,San Francisco -2.5,San Francisco -2.5,Arizona +2.5,San Francisco -2.5,Arizona +2.5,Arizona +2.5,Arizona +2.5,San Francisco -2.5,Arizona +2.5,San Francisco -2.5,Arizona +2.5,San Francisco -2.5,San Francisco -2.5,San Francisco -2.5,Arizona +2.5,San Francisco -2.5,Arizona +2.5,San Francisco -2.5,Arizona +2.5,Arizona +2.5,Arizona +2.5,Arizona +2.5,Arizona +2.5,San Francisco -2.5
Week 3,Game 9,Kansas City -6.5,Kansas City -6.5,Kansas City -6.5,N.Y. Giants +6.5,N.Y. Giants +6.5,N.Y. Giants +6.5,Kansas City -6.5,Kansas City -6.5,Kansas City -6.5,Kansas City -6.5,Kansas City -6.5,Kansas City -6.5,N.Y. Giants +6.5,N.Y. Giants +6.5,Kansas City -6.5,Kansas City -6.5,Kansas City -6.5,N.Y. Giants +6.5,Kansas City -6.5,Kansas City -6.5,N.Y. Giants +6.5,Kansas City -6.5,Kansas City -6.5,Kansas City -6.5
Week 3,Game 10,Baltimore -4.5,Baltimore -4.5,Baltimore -4.5,Detroit +4.5,Detroit +4.5,Baltimore -4.5,Baltimore -4.5,Detroit +4.5,Baltimore -4.5,Detroit +4.5,Detroit +4.5,Baltimore -4.5,Detroit +4.5,Detroit +4.5,Baltimore -4.5,Detroit +4.5,Baltimore -4.5,Detroit +4.5,Detroit +4.5,Baltimore -4.5,Detroit +4.5,Detroit +4.5,Detroit +4.5,Baltimore -4.5
Week 3,Tiebreaker,48,49,56,58,50,44,47,71,55,52,50,55,48,65,44,53,57,43,49,51,56,55,42,51
Week 4,Game 1,Pittsburgh +2.5,Minnesota -2.5,Minnesota -2.5,Minnesota -2.5,Pittsburgh +2.5,Minnesota -2.5,Pittsburgh +2.5,Minnesota -2.5,Pittsburgh +2.5,Pittsburgh +2.5,Pittsburgh +2.5,Minnesota -2.5,Pittsburgh +2.5,Pittsburgh +2.5,Pittsburgh +2.5,Minnesota -2.5,Minnesota -2.5,Pittsburgh +2.5,Minnesota -2.5,Minnesota -2.5,Minnesota -2.5,Pittsburgh +2.5,Minnesota -2.5,Minnesota -2.5
Week 4,Game 2,Washington -1.5,Washington -1.5,Atlanta +1.5,Washington -1.5,Washington -1.5,Atlanta +1.5,Washington -1.5,Washington -1.5,Washington -1.5,Washington -1.5,Washington -1.5,Washington -1.5,Washington -1.5,Washington -1.5,Atlanta +1.5,Atlanta +1.5,Washington -1.5,Washington -1.5,Washington -1.5,Atlanta +1.5,Atlanta +1.5,Washington -1.5,Washington -1.5,Atlanta +1.5
Week 4,Game 3,Buffalo -16.5,Buffalo -16.5,Buffalo -16.5,Buffalo -16.5,New Orleans +16.5,Buffalo -16.5,Buffalo -16.5,Buffalo -16.5,Buffalo -16.5,Buffalo -16.5,Buffalo -16.5,Buffalo -16.5,Buffalo -16.5,Buffalo -16.5,Buffalo -16.5,Buffalo -16.5,Buffalo -16.5,New Orleans +16.5,Buffalo -16.5,New Orleans +16.5,Buffalo -16.5,Buffalo -16.5,New Orleans +16.5,Buffalo -16.5
Week 4,Game 4,Cleveland +9.5,Detroit -9.5,Detroit -9.5,Detroit -9.5,Cleveland +9.5,Cleveland +9.5,Cleveland +9.5,Detroit -9.5,Cleveland +9.5,Detroit -9.5,Detroit -9.5,Cleveland +9.5,Cleveland +9.5,Detroit -9.5,Detroit -9.5,Detroit -9.5,Detroit -9.5,Detroit -9.5,Cleveland +9.5,Cleveland +9.5,Detroit -9.5,Cleveland +9.5,Detroit -9.5,Cleveland +9.5
Week 4,Game 5,Carolina +5.5,New England -5.5,New England -5.5,New England -5.5,Carolina +5.5,Carolina +5.5,New England -5.5,Carolina +5.5,New England -5.5,New England -5.5,Carolina +5.5,Carolina +5.5,New England -5.5,Carolina +5.5,Carolina +5.5,Carolina +5.5,New England -5.5,Carolina +5.5,New England -5.5,New England -5.5,Carolina +5.5,New England -5.5,New England -5.5,New England -5.5
Week 4,Game 6,Philadelphia -3.5,Philadelphia -3.5,Philadelphia -3.5,Tampa Bay +3.5,Tampa Bay +3.5,Philadelphia -3.5,Philadelphia -3.5,Tampa Bay +3.5,Tampa Bay +3.5,Tampa Bay +3.5,Philadelphia -3.5,Tampa Bay +3.5,Tampa Bay +3.5,Tampa Bay +3.5,Tampa Bay +3.5,Philadelphia -3.5,Tampa Bay +3.5,Tampa Bay +3.5,Tampa Bay +3.5,Philadelphia -3.5,Tampa Bay +3.5,Philadelphia -3.5,Tampa Bay +3.5,Tampa Bay +3.5
Week 4,Game 7,L.A. Rams -3.5,Indianapolis +3.5,L.A. Rams -3.5,L.A. Rams -3.5,Indianapolis +3.5,L.A. Rams -3.5,L.A. Rams -3.5,L.A. Rams -3.5,L.A. Rams -3.5,L.A. Rams -3.5,Indianapolis +3.5,Indianapolis +3.5,L.A. Rams -3.5,Indianapolis +3.5,L.A. Rams -3.5,L.A. Rams -3.5,L.A. Rams -3.5,Indianapolis +3.5,L.A. Rams -3.5,Indianapolis +3.5,L.A. Rams -3.5,L.A. Rams -3.5,Indianapolis +3.5,L.A. Rams -3.5
Week 4,Game 8,Baltimore -2.5,Baltimore -2.5,Baltimore -2.5,Baltimore -2.5,Kansas City +2.5,Kansas City +2.5,Kansas City +2.5,Baltimore -2.5,Kansas City +2.5,Kansas City +2.5,Baltimore -2.5,Kansas City +2.5,Baltimore -2.5,Baltimore -2.5,Baltimore -2.5,Kansas City +2.5,Kansas City +2.5,Baltimore -2.5,Baltimore -2.5,Baltimore -2.5,Baltimore -2.5,Kansas City +2.5,Kansas City +2.5,Baltimore -2.5
Week 4,Game 9,Green Bay -6.5,Dallas +6.5,Green Bay -6.5,Green Bay -6.5,Green Bay -6.5,Green Bay -6.5,Green Bay -6.5,Green Bay -6.5,Green Bay -6.5,Green Bay -6.5,Green Bay -6.5,Dallas +6.5,Green Bay -6.5,Green Bay -6.5,Green Bay -6.5,Green Bay -6.5,Dallas +6.5,Green Bay -6.5,Green Bay -6.5,Green Bay -6.5,Green Bay -6.5,Green Bay -6.5,Green Bay -6.5,Green Bay -6.5
Week 4,Game 10,Denver -7.5,Cincinnati +7.5,Cincinnati +7.5,Denver -7.5,Denver -7.5,Cincinnati +7.5,Denver -7.5,Denver -7.5,Denver -7.5,Denver -7.5,Denver -7.5,Denver -7.5,Denver -7.5,Denver -7.5,Denver -7.5,Denver -7.5,Denver -7.5,Denver -7.5,Cincinnati +7.5,Denver -7.5,Denver -7.5,Denver -7.5,Denver -7.5,Cincinnati +7.5
Week 4,Tiebreaker,48,45,41,41,46,44,36,40,42,47,45,48,47,40,44,45,36,42,42,44,39,48,42,35
Week 5,Game 1,Cleveland +3.5,Minnesota -3.5,Cleveland +3.5,Cleveland +3.5,Cleveland +3.5,Minnesota -3.5,Minnesota -3.5,Minnesota -3.5,Cleveland +3.5,Cleveland +3.5,Minnesota -3.5,Cleveland +3.5,Cleveland +3.5,Cleveland +3.5,Cleveland +3.5,Minnesota -3.5,Minnesota -3.5,Cleveland +3.5,Minnesota -3.5,Minnesota -3.5,Cleveland +3.5,Cleveland +3.5,Cleveland +3.5,Cleveland +3.5
Week 5,Game 2,Dallas -2.5,Dallas -2.5,Dallas -2.5,Dallas -2.5,Dallas -2.5,Dallas -2.5,N.Y. Jets +2.5,Dallas -2.5,N.Y. Jets +2.5,Dallas -2.5,Dallas -2.5,Dallas -2.5,Dallas -2.5,Dallas -2.5,N.Y. Jets +2.5,Dallas -2.5,Dallas -2.5,N.Y. Jets +2.5,Dallas -2.5,Dallas -2.5,Dallas -2.5,Dallas -2.5,Dallas -2.5,N.Y. Jets +2.5
Week 5,Game 3,Philadelphia -3.5,Philadelphia -3.5,Philadelphia -3.5,Philadelphia -3.5,Philadelphia -3.5,Denver +3.5,Philadelphia -3.5,Philadelphia -3.5,Philadelphia -3.5,Denver +3.5,Denver +3.5,Philadelphia -3.5,Philadelphia -3.5,Philadelphia -3.5,Denver +3.5,Philadelphia -3.5,Philadelphia -3.5,Denver +3.5,Philadelphia -3.5,Philadelphia -3.5,Denver +3.5,Denver +3.5,Philadelphia -3.5,Denver +3.5
Week 5,Game 4,Indianapolis -6.5,Indianapolis -6.5,Indianapolis -6.5,L.V. Raiders +6.5,Indianapolis -6.5,Indianapolis -6.5,L.V. Raiders +6.5,Indianapolis -6.5,Indianapolis -6.5,L.V. Raiders +6.5,Indianapolis -6.5,Indianapolis -6.5,Indianapolis -6.5,L.V. Raiders +6.5,L.V. Raiders +6.5,Indianapolis -6.5,Indianapolis -6.5,Indianapolis -6.5,Indianapolis -6.5,Indianapolis -6.5,L.V. Raiders +6.5,Indianapolis -6.5,Indianapolis -6.5,L.V. Raiders +6.5
Week 5,Game 5,Baltimore +1.5,Baltimore +1.5,Baltimore +1.5,Houston -1.5,Houston -1.5,Baltimore +1.5,Houston -1.5,Houston -1.5,Baltimore +1.5,Houston -1.5,Houston -1.5,Baltimore +1.5,Houston -1.5,Baltimore +1.5,Houston -1.5,Baltimore +1.5,Baltimore +1.5,Baltimore +1.5,Baltimore +1.5,Houston -1.5,Houston -1.5,Houston -1.5,Houston -1.5,Houston -1.5
Week 5,Game 6,Arizona -7.5,Tennessee +7.5,Arizona -7.5,Tennessee +7.5,Arizona -7.5,Tennessee +7.5,Arizona -7.5,Arizona -7.5,Tennessee +7.5,Tennessee +7.5,Arizona -7.5,Arizona -7.5,Arizona -7.5,Arizona -7.5,Arizona -7.5,Arizona -7.5,Tennessee +7.5,Tennessee +7.5,Tennessee +7.5,Arizona -7.5,Tennessee +7.5,Arizona -7.5,Arizona -7.5,Arizona -7.5
Week 5,Game 7,Tampa Bay +3.5,Tampa Bay +3.5,Seattle -3.5,Seattle -3.5,Tampa Bay +3.5,Seattle -3.5,Tampa Bay +3.5,Tampa Bay +3.5,Tampa Bay +3.5,Tampa Bay +3.5,Tampa Bay +3.5,Tampa Bay +3.5,Tampa Bay +3.5,Tampa Bay +3.5,Tampa Bay +3.5,Tampa Bay +3.5,Tampa Bay +3.5,Tampa Bay +3.5,Tampa Bay +3.5,Tampa Bay +3.5,Tampa Bay +3.5,Seattle -3.5,Seattle -3.5,Seattle -3.5
Week 5,Game 8,L.A. Chargers -2.5,Washington +2.5,L.A. Chargers -2.5,L.A. Chargers -2.5,L.A. Chargers -2.5,L.A. Chargers -2.5,L.A. Chargers -2.5,L.A. Chargers -2.5,Washington +2.5,L.A. Chargers -2.5,L.A. Chargers -2.5,L.A. Chargers -2.5,L.A. Chargers -2.5,L.A. Chargers -2.5,L.A. Chargers -2.5,L.A. Chargers -2.5,L.A. Chargers -2.5,Washington +2.5,L.A. Chargers -2.5,L.A. Chargers -2.5,Washington +2.5,L.A. Chargers -2.5,L.A. Chargers -2.5,Washington +2.5
Week 5,Game 9,Buffalo -7.5,Buffalo -7.5,New England +7.5,New England +7.5,Buffalo -7.5,Buffalo -7.5,Buffalo -7.5,Buffalo -7.5,Buffalo -7.5,Buffalo -7.5,Buffalo -7.5,Buffalo -7.5,Buffalo -7.5,Buffalo -7.5,New England +7.5,Buffalo -7.5,Buffalo -7.5,New England +7.5,Buffalo -7.5,Buffalo -7.5,New England +7.5,New England +7.5,New England +7.5,New England +7.5
Week 5,Game 10,Kansas City -3.5,Kansas City -3.5,Jacksonville +3.5,Jacksonville +3.5,Kansas City -3.5,Kansas City -3.5,Kansas City -3.5,Kansas City -3.5,Kansas City -3.5,Jacksonville +3.5,Kansas City -3.5,Kansas City -3.5,Kansas City -3.5,Kansas City -3.5,Jacksonville +3.5,Jacksonville +3.5,Kansas City -3.5,Jacksonville +3.5,Kansas City -3.5,Jacksonville +3.5,Kansas City -3.5,Kansas City -3.5,Kansas City -3.5,Kansas City -3.5
Week 5,Tiebreaker,46,49,48,51,55,44,47,44,45,46,46,44,49,39,44,48,43,43,44,45,36,48,40,42
Week 6,Game 1,Denver -6.5,N.Y. Jets +6.5,Denver -6.5,Denver -6.5,Denver -6.5,N.Y. Jets +6.5,Denver -6.5,N.Y. Jets +6.5,Denver -6.5,Denver -6.5,Denver -6.5,Denver -6.5,N.Y. Jets +6.5,N.Y. Jets +6.5,N.Y. Jets +6.5,Denver -6.5,Denver -6.5,N.Y. Jets +6.5,N.Y. Jets +6.5,Denver -6.5,Denver -6.5,Denver -6.5,Denver -6.5,Denver -6.5
Week 6,Game 2,Indianapolis -7.5,Arizona +7.5,Arizona +7.5,Arizona +7.5,Indianapolis -7.5,Arizona +7.5,Indianapolis -7.5,Arizona +7.5,Arizona +7.5,Arizona +7.5,Arizona +7.5,Arizona +7.5,Indianapolis -7.5,Indianapolis -7.5,Arizona +7.5,Indianapolis -7.5,Indianapolis -7.5,Indianapolis -7.5,Arizona +7.5,Indianapolis -7.5,Arizona +7.5,Indianapolis -7.5,Indianapolis -7.5,Arizona +7.5
Week 6,Game 3,Cleveland +6.5,Pittsburgh -6.5,Cleveland +6.5,Cleveland +6.5,Cleveland +6.5,Pittsburgh -6.5,Pittsburgh -6.5,Cleveland +6.5,Cleveland +6.5,Pittsburgh -6.5,Pittsburgh -6.5,Cleveland +6.5,Pittsburgh -6.5,Cleveland +6.5,Cleveland +6.5,Pittsburgh -6.5,Pittsburgh -6.5,Cleveland +6.5,Cleveland +6.5,Pittsburgh -6.5,Cleveland +6.5,Cleveland +6.5,Cleveland +6.5,Pittsburgh -6.5
Week 6,Game 4,Dallas -3.5,Dallas -3.5,Dallas -3.5,Dallas -3.5,Carolina +3.5,Carolina +3.5,Dallas -3.5,Dallas -3.5,Carolina +3.5,Dallas -3.5,Dallas -3.5,Dallas -3.5,Dallas -3.5,Dallas -3.5,Carolina +3.5,Dallas -3.5,Dallas -3.5,Dallas -3.5,Dallas -3.5,Carolina +3.5,Carolina +3.5,Dallas -3.5,Dallas -3.5,Carolina +3.5
Week 6,Game 5,New England -3.5,New England -3.5,New England -3.5,New Orleans +3.5,New England -3.5,New Orleans +3.5,New England -3.5,New England -3.5,New England -3.5,New England -3.5,New England -3.5,New England -3.5,New England -3.5,New England -3.5,New England -3.5,New England -3.5,New Orleans +3.5,New England -3.5,New England -3.5,New England -3.5,New England -3.5,New England -3.5,New England -3.5,New Orleans +3.5
Week 6,Game 6,Seattle +1.5,Jacksonville -1.5,Seattle +1.5,Seattle +1.5,Seattle +1.5,Jacksonville -1.5,Seattle +1.5,Seattle +1.5,Seattle +1.5,Seattle +1.5,Seattle +1.5,Jacksonville -1.5,Seattle +1.5,Jacksonville -1.5,Seattle +1.5,Jacksonville -1.5,Seattle +1.5,Jacksonville -1.5,Jacksonville -1.5,Seattle +1.5,Seattle +1.5,Seattle +1.5,Seattle +1.5,Seattle +1.5
Week 6,Game 7,Cincinnati +14.5,Cincinnati +14.5,Green Bay -14.5,Green Bay -14.5,Green Bay -14.5,Green Bay -14.5,Green Bay -14.5,Cincinnati +14.5,Green Bay -14.5,Cincinnati +14.5,Cincinnati +14.5,Cincinnati +14.5,Green Bay -14.5,Green Bay -14.5,Cincinnati +14.5,Cincinnati +14.5,Cincinnati +14.5,Cincinnati +14.5,Cincinnati +14.5,Cincinnati +14.5,Green Bay -14.5,Cincinnati +14.5,Cincinnati +14.5,Green Bay -14.5
Week 6,Game 8,Tampa Bay -2.5,Tampa Bay -2.5,Tampa Bay -2.5,Tampa Bay -2.5,Tampa Bay -2.5,San Francisco +2.5,San Francisco +2.5,Tampa Bay -2.5,Tampa Bay -2.5,San Francisco +2.5,Tampa Bay -2.5,Tampa Bay -2.5,Tampa Bay -2.5,San Francisco +2.5,Tampa Bay -2.5,Tampa Bay -2.5,Tampa Bay -2.5,San Francisco +2.5,Tampa Bay -2.5,Tampa Bay -2.5,Tampa Bay -2.5,Tampa Bay -2.5,Tampa Bay -2.5,Tampa Bay -2.5
Week 6,Game 9,Detroit +2.5,Detroit +2.5,Detroit +2.5,Detroit +2.5,Detroit +2.5,Kansas City -2.5,Detroit +2.5,Detroit +2.5,Detroit +2.5,Detroit +2.5,Detroit +2.5,Detroit +2.5,Detroit +2.5,Detroit +2.5,Kansas City -2.5,Detroit +2.5,Detroit +2.5,Detroit +2.5,Kansas City -2.5,Detroit +2.5,Kansas City -2.5,Detroit +2.5,Detroit +2.5,Kansas City -2.5
Week 6,Game 10,Washington -4.5,Washington -4.5,Washington -4.5,Washington -4.5,Washington -4.5,Chicago +4.5,Washington -4.5,Washington -4.5,Washington -4.5,Washington -4.5,Washington -4.5,Washington -4.5,Washington -4.5,Washington -4.5,Chicago +4.5,Washington -4.5,Washington -4.5,Chicago +4.5,Washington -4.5,Washington -4.5,Washington -4.5,Washington -4.5,Washington -4.5,Washington -4.5
Week 6,Tiebreaker,42,47,50,43,52,44,44,48,48,44,47,47,48,51,44,45,43,46,44,45,41,40,47,47
Week 7,Game 1,Chicago -4.5,Chicago -4.5,New Orleans +4.5,Chicago -4.5,Chicago -4.5,Chicago -4.5,Chicago -4.5,Chicago -4.5,Chicago -4.5,New Orleans +4.5,Chicago -4.5,Chicago -4.5,Chicago -4.5,Chicago -4.5,New Orleans +4.5,Chicago -4.5,New Orleans +4.5,Chicago -4.5,Chicago -4.5,Chicago -4.5,Chicago -4.5,Chicago -4.5,Chicago -4.5,New Orleans +4.5
Week 7,Game 2,Miami +2.5,Miami +2.5,Cleveland -2.5,Cleveland -2.5,Cleveland -2.5,Cleveland -2.5,Cleveland -2.5,Cleveland -2.5,Cleveland -2.5,Cleveland -2.5,Cleveland -2.5,Cleveland -2.5,Cleveland -2.5,Cleveland -2.5,Cleveland -2.5,Cleveland -2.5,Miami +2.5,Cleveland -2.5,Cleveland -2.5,Cleveland -2.5,Cleveland -2.5,Cleveland -2.5,Cleveland -2.5,Cleveland -2.5
Week 7,Game 3,New England -6.5,Tennessee +6.5,Tennessee +6.5,New England -6.5,New England -6.5,Tennessee +6.5,New England -6.5,New England -6.5,New England -6.5,New England -6.5,New England -6.5,New England -6.5,New England -6.5,New England -6.5,New England -6.5,Tennessee +6.5,New England -6.5,New England -6.5,New England -6.5,New England -6.5,Tennessee +6.5,Tennessee +6.5,New England -6.5,Tennessee +6.5
Week 7,Game 4,Philadelphia -1.5,Philadelphia -1.5,Philadelphia -1.5,Philadelphia -1.5,Philadelphia -1.5,Minnesota +1.5,Philadelphia -1.5,Philadelphia -1.5,Philadelphia -1.5,Philadelphia -1.5,Philadelphia -1.5,Philadelphia -1.5,Philadelphia -1.5,Philadelphia -1.5,Philadelphia -1.5,Minnesota +1.5,Philadelphia -1.5,Philadelphia -1.5,Philadelphia -1.5,Minnesota +1.5,Minnesota +1.5,Philadelphia -1.5,Minnesota +1.5,Minnesota +1.5
Week 7,Game 5,N.Y. Giants +7.5,N.Y. Giants +7.5,N.Y. Giants +7.5,N.Y. Giants +7.5,N.Y. Giants +7.5,N.Y. Giants +7.5,Denver -7.5,N.Y. Giants +7.5,N.Y. Giants +7.5,N.Y. Giants +7.5,Denver -7.5,Denver -7.5,N.Y. Giants +7.5,Denver -7.5,Denver -7.5,Denver -7.5,N.Y. Giants +7.5,Denver -7.5,Denver -7.5,Denver -7.5,N.Y. Giants +7.5,N.Y. Giants +7.5,Denver -7.5,Denver -7.5
Week 7,Game 6,Indianapolis +1.5,Indianapolis +1.5,Indianapolis +1.5,Indianapolis +1.5,Indianapolis +1.5,L.A. Chargers: -1.5,Indianapolis +1.5,L.A. Chargers: -1.5,L.A. Chargers: -1.5,Indianapolis +1.5,L.A. Chargers: -1.5,Indianapolis +1.5,Indianapolis +1.5,Indianapolis +1.5,L.A. Chargers: -1.5,L.A. Chargers: -1.5,Indianapolis +1.5,Indianapolis +1.5,Indianapolis +1.5,Indianapolis +1.5,Indianapolis +1.5,L.A. Chargers: -1.5,Indianapolis +1.5,L.A. Chargers: -1.5
Week 7,Game 7,Washington -1.5,Washington -1.5,Washington -1.5,Dallas +1.5,Dallas +1.5,Dallas +1.5,Dallas +1.5,Washington -1.5,Dallas +1.5,Washington -1.5,Washington -1.5,Dallas +1.5,Dallas +1.5,Dallas +1.5,Dallas +1.5,Dallas +1.5,Dallas +1.5,Dallas +1.5,Washington -1.5,Dallas +1.5,Washington -1.5,Dallas +1.5,Dallas +1.5,Dallas +1.5
Week 7,Game 8,Green Bay -6.5,Green Bay -6.5,Green Bay -6.5,Green Bay -6.5,Arizona +6.5,Green Bay -6.5,Green Bay -6.5,Green Bay -6.5,Green Bay -6.5,Green Bay -6.5,Green Bay -6.5,Arizona +6.5,Arizona +6.5,Green Bay -6.5,Arizona +6.5,Green Bay -6.5,Green Bay -6.5,Green Bay -6.5,Green Bay -6.5,Green Bay -6.5,Arizona +6.5,Arizona +6.5,Arizona +6.5,Arizona +6.5
Week 7,Game 9,San Francisco -2.5,Atlanta +2.5,Atlanta +2.5,San Francisco -2.5,Atlanta +2.5,Atlanta +2.5,San Francisco -2.5,San Francisco -2.5,San Francisco -2.5,San Francisco -2.5,San Francisco -2.5,San Francisco -2.5,San Francisco -2.5,San Francisco -2.5,San Francisco -2.5,San Francisco -2.5,Atlanta +2.5,San Francisco -2.5,Atlanta +2.5,Atlanta +2.5,San Francisco -2.5,San Francisco -2.5,Atlanta +2.5,San Francisco -2.5
Week 7,Game 10,Tampa Bay +5.5,Detroit -5.5,Detroit -5.5,Tampa Bay +5.5,Tampa Bay +5.5,Detroit -5.5,Detroit -5.5,Detroit -5.5,Detroit -5.5,Tampa Bay +5.5,Detroit -5.5,Tampa Bay +5.5,Tampa Bay +5.5,Tampa Bay +5.5,Tampa Bay +5.5,Tampa Bay +5.5,Tampa Bay +5.5,Detroit -5.5,Detroit -5.5,Detroit -5.5,Tampa Bay +5.5,Detroit -5.5,Tampa Bay +5.5,Detroit -5.5
Week 7,Tiebreaker,48,49,55,54,55,50,47,64,51,48,52,45,48,58,44,53,48,50,44,51,54,48,47,55
Week 8,Game 1,Atlanta -7.5,Atlanta -7.5,Atlanta -7.5,Atlanta -7.5,Atlanta -7.5,Atlanta -7.5,Atlanta -7.5,Atlanta -7.5,Atlanta -7.5,Atlanta -7.5,Atlanta -7.5,Atlanta -7.5,Atlanta -7.5,Atlanta -7.5,Miami +7.5,Atlanta -7.5,Atlanta -7.5,Atlanta -7.5,Atlanta -7.5,Atlanta -7.5,Miami +7.5,Atlanta -7.5,Atlanta -7.5,Atlanta -7.5
Week 8,Game 2,Cleveland +6.5,Cleveland +6.5,New England -6.5,New England -6.5,Cleveland +6.5,New England -6.5,New England -6.5,New England -6.5,New England -6.5,New England -6.5,New England -6.5,Cleveland +6.5,Cleveland +6.5,New England -6.5,Cleveland +6.5,New England -6.5,New England -6.5,New England -6.5,New England -6.5,New England -6.5,New England -6.5,Cleveland +6.5,Cleveland +6.5,New England -6.5
Week 8,Game 3,Buffalo -7.5,Buffalo -7.5,Carolina +7.5,Buffalo -7.5,Carolina +7.5,Buffalo -7.5,Buffalo -7.5,Buffalo -7.5,Buffalo -7.5,Buffalo -7.5,Buffalo -7.5,Buffalo -7.5,Buffalo -7.5,Buffalo -7.5,Buffalo -7.5,Buffalo -7.5,Buffalo -7.5,Buffalo -7.5,Buffalo -7.5,Carolina +7.5,Buffalo -7.5,Buffalo -7.5,Buffalo -7.5,Buffalo -7.5
Week 8,Game 4,Baltimore -5.5,Chicago +5.5,Chicago +5.5,Chicago +5.5,Chicago +5.5,Baltimore -5.5,Baltimore -5.5,Chicago +5.5,Chicago +5.5,Chicago +5.5,Baltimore -5.5,Chicago +5.5,Baltimore -5.5,Chicago +5.5,Chicago +5.5,Baltimore -5.5,Chicago +5.5,Baltimore -5.5,Chicago +5.5,Chicago +5.5,Chicago +5.5,Chicago +5.5,Baltimore -5.5,Baltimore -5.5
Week 8,Game 5,San Francisco +1.5,San Francisco +1.5,San Francisco +1.5,San Francisco +1.5,Houston -1.5,Houston -1.5,San Francisco +1.5,San Francisco +1.5,San Francisco +1.5,San Francisco +1.5,Houston -1.5,San Francisco +1.5,San Francisco +1.5,San Francisco +1.5,Houston -1.5,Houston -1.5,San Francisco +1.5,San Francisco +1.5,Houston -1.5,San Francisco +1.5,San Francisco +1.5,Houston -1.5,Houston -1.5,Houston -1.5
Week 8,Game 6,Tampa Bay -4.5,Tampa Bay -4.5,Tampa Bay -4.5,New Orleans +4.5,Tampa Bay -4.5,Tampa Bay -4.5,Tampa Bay -4.5,Tampa Bay -4.5,Tampa Bay -4.5,Tampa Bay -4.5,Tampa Bay -4.5,Tampa Bay -4.5,Tampa Bay -4.5,Tampa Bay -4.5,Tampa Bay -4.5,Tampa Bay -4.5,Tampa Bay -4.5,New Orleans +4.5,Tampa Bay -4.5,Tampa Bay -4.5,Tampa Bay -4.5,Tampa Bay -4.5,Tampa Bay -4.5,New Orleans +4.5
Week 8,Game 7,Dallas+3.5,Dallas+3.5,Denver -3.5,Dallas+3.5,Dallas+3.5,Denver -3.5,Dallas+3.5,Dallas+3.5,Dallas+3.5,Dallas+3.5,Denver -3.5,Denver -3.5,Dallas+3.5,Denver -3.5,Dallas+3.5,Denver -3.5,Dallas +3.5,Denver -3.5,Denver -3.5,Denver -3.5,Denver -3.5,Denver -3.5,Dallas +3.5,Denver -3.5
Week 8,Game 8,Tennessee +14.5,Indianapolis -14.5,Indianapolis -14.5,Indianapolis -14.5,Indianapolis -14.5,Indianapolis -14.5,Indianapolis -14.5,Indianapolis -14.5,Tennessee +14.5,Tennessee +14.5,Indianapolis -14.5,Indianapolis -14.5,Indianapolis -14.5,Indianapolis -14.5,Indianapolis -14.5,Indianapolis -14.5,Indianapolis -14.5,Indianapolis -14.5,Indianapolis -14.5,Indianapolis -14.5,Indianapolis -14.5,Indianapolis -14.5,Tennessee +14.5,Tennessee +14.5
Week 8,Game 9,Green Bay -3.5,Green Bay -3.5,Green Bay -3.5,Pittsburgh +3.5,Pittsburgh +3.5,Green Bay -3.5,Pittsburgh +3.5,Pittsburgh +3.5,Pittsburgh +3.5,Pittsburgh +3.5,Green Bay -3.5,Pittsburgh +3.5,Pittsburgh +3.5,Pittsburgh +3.5,Pittsburgh +3.5,Green Bay -3.5,Green Bay -3.5,Green Bay -3.5,Green Bay -3.5,Green Bay -3.5,Pittsburgh +3.5,Pittsburgh +3.5,Pittsburgh +3.5,Pittsburgh +3.5
Week 8,Game 10,Kansas City -12.5,Washington +12.5,Kansas City -12.5,Washington +12.5,Washington +12.5,Kansas City -12.5,Kansas City -12.5,Kansas City -12.5,Kansas City -12.5,Kansas City -12.5,Kansas City -12.5,Washington +12.5,Kansas City -12.5,Kansas City -12.5,Kansas City -12.5,Kansas City -12.5,Washington +12.5,Washington +12.5,Kansas City -12.5,Kansas City -12.5,Washington +12.5,Kansas City -12.5,Washington +12.5,Kansas City -12.5
Week 8,Tiebreaker,48,49,48,44,50,44,47,46,48,48,45,44,48,41,44,49,44,46,40,43,44,48,47,46
Week 9,Game 1,Cincinnati +2.5,Cincinnati +2.5,Cincinnati +2.5,Cincinnati +2.5,Cincinnati +2.5,Chicago -2.5,Chicago -2.5,Cincinnati +2.5,Chicago -2.5,Chicago -2.5,Cincinnati +2.5,Chicago -2.5,Chicago -2.5,Cincinnati +2.5,Cincinnati +2.5,Cincinnati +2.5,Cincinnati +2.5,Cincinnati +2.5,Cincinnati +2.5,Chicago -2.5,Chicago -2.5,Chicago -2.5,Cincinnati +2.5,Chicago -2.5
Week 9,Game 2,Detroit -9.5,Minnesota +9.5,Detroit -9.5,Minnesota +9.5,Detroit -9.5,Detroit -9.5,Detroit -9.5,Detroit -9.5,Detroit -9.5,Minnesota +9.5,Detroit -9.5,Detroit -9.5,Detroit -9.5,Detroit -9.5,Detroit -9.5,Detroit -9.5,Detroit -9.5,Detroit -9.5,Minnesota +9.5,Detroit -9.5,Detroit -9.5,Detroit -9.5,Minnesota +9.5,Detroit -9.5
Week 9,Game 3,New England -5.5,New England -5.5,Atlanta +5.5,New England -5.5,New England -5.5,New England -5.5,Atlanta +5.5,New England -5.5,New England -5.5,Atlanta +5.5,New England -5.5,New England -5.5,New England -5.5,New England -5.5,New England -5.5,New England -5.5,New England -5.5,Atlanta +5.5,New England -5.5,New England -5.5,New England -5.5,New England -5.5,New England -5.5,New England -5.5
Week 9,Game 4,N.Y. Giants +2.5,San Francisco -2.5,N.Y. Giants +2.5,N.Y. Giants +2.5,N.Y. Giants +2.5,San Francisco -2.5,San Francisco -2.5,San Francisco -2.5,San Francisco -2.5,San Francisco -2.5,San Francisco -2.5,San Francisco -2.5,San Francisco -2.5,San Francisco -2.5,N.Y. Giants +2.5,San Francisco -2.5,San Francisco -2.5,San Francisco -2.5,San Francisco -2.5,San Francisco -2.5,N.Y. Giants +2.5,San Francisco -2.5,N.Y. Giants +2.5,N.Y. Giants +2.5
Week 9,Game 5,Denver +1.5,Denver +1.5,Denver +1.5,Denver +1.5,Denver +1.5,Houston -1.5,Houston -1.5,Houston -1.5,Houston -1.5,Denver +1.5,Denver +1.5,Denver +1.5,Denver +1.5,Denver +1.5,Houston -1.5,Denver +1.5,Houston -1.5,Houston -1.5,Denver +1.5,Houston -1.5,Denver +1.5,Denver +1.5,Houston -1.5,Denver +1.5
Week 9,Game 6,Indianapolis -3.5,Indianapolis -3.5,Indianapolis -3.5,Pittsburgh +3.5,Indianapolis -3.5,Indianapolis -3.5,Indianapolis -3.5,Indianapolis -3.5,Pittsburgh +3.5,Indianapolis -3.5,Indianapolis -3.5,Indianapolis -3.5,Indianapolis -3.5,Indianapolis -3.5,Pittsburgh +3.5,Indianapolis -3.5,Pittsburgh +3.5,Indianapolis -3.5,Indianapolis -3.5,Indianapolis -3.5,Indianapolis -3.5,Indianapolis -3.5,Pittsburgh +3.5,Pittsburgh +3.5
Week 9,Game 7,L.V. Raiders +3.5,Jacksonville -3.5,Jacksonville -3.5,L.V. Raiders +3.5,L.V. Raiders +3.5,Jacksonville -3.5,L.V. Raiders +3.5,Jacksonville -3.5,L.V. Raiders +3.5,Jacksonville -3.5,L.V. Raiders +3.5,Jacksonville -3.5,Jacksonville -3.5,Jacksonville -3.5,Jacksonville -3.5,Jacksonville -3.5,L.V. Raiders +3.5,L.V. Raiders +3.5,Jacksonville -3.5,L.V. Raiders +3.5,Jacksonville -3.5,L.V. Raiders +3.5,Jacksonville -3.5,L.V. Raiders +3.5
Week 9,Game 8,Buffalo +1.5,Buffalo +1.5,Kansas City -1.5,Buffalo +1.5,Buffalo +1.5,Kansas City -1.5,Buffalo +1.5,Buffalo +1.5,Kansas City -1.5,Buffalo +1.5,Kansas City -1.5,Kansas City -1.5,Buffalo +1.5,Kansas City -1.5,Buffalo +1.5,Buffalo +1.5,Kansas City -1.5,Buffalo +1.5,Buffalo +1.5,Buffalo +1.5,Buffalo +1.5,Buffalo +1.5,Kansas City -1.5,Buffalo +1.5
Week 9,Game 9,Seattle -3.5,Washington +3.5,Seattle -3.5,Seattle -3.5,Seattle -3.5,Seattle -3.5,Washington +3.5,Seattle -3.5,Washington +3.5,Seattle -3.5,Seattle -3.5,Seattle -3.5,Seattle -3.5,Seattle -3.5,Seattle -3.5,Washington +3.5,Washington +3.5,Washington +3.5,Washington +3.5,Washington +3.5,Seattle -3.5,Seattle -3.5,Washington +3.5,Washington +3.5
Week 9,Game 10,Dallas -2.5,Dallas -2.5,Dallas -2.5,Dallas -2.5,Dallas -2.5,Dallas -2.5,Dallas -2.5,Dallas -2.5,Arizona +2.5,Dallas -2.5,Dallas -2.5,Dallas -2.5,Dallas -2.5,Dallas -2.5,Dallas -2.5,Dallas -2.5,Arizona +2.5,Dallas -2.5,Dallas -2.5,Arizona +2.5,Dallas -2.5,Dallas -2.5,Dallas -2.5,Arizona +2.5
Week 9,Tiebreaker,48,44,55,49,55,44,49,48,51,52,50,54,49,52,44,52,57,49,42,52,52,47,54,51
Week 10,Game 1,Chicago -4.5,Chicago -4.5,N.Y. Giants +4.5,Chicago -4.5,Chicago -4.5,N.Y. Giants +4.5,Chicago -4.5,Chicago -4.5,Chicago -4.5,N.Y. Giants +4.5,Chicago -4.5,Chicago -4.5,Chicago -4.5,Chicago -4.5,Chicago -4.5,Chicago -4.5,Chicago -4.5,Chicago -4.5,N.Y. Giants +4.5,Chicago -4.5,Chicago -4.5,N.Y. Giants +4.5,N.Y. Giants +4.5,Chicago -4.5
Week 10,Game 2,Baltimore -4.5,Baltimore -4.5,Minnesota +4.5,Minnesota +4.5,Minnesota +4.5,Baltimore -4.5,Baltimore -4.5,Minnesota +4.5,Baltimore -4.5,Minnesota +4.5,Baltimore -4.5,Baltimore -4.5,Baltimore -4.5,Baltimore -4.5,Baltimore -4.5,Baltimore -4.5,Minnesota +4.5,Baltimore -4.5,Minnesota +4.5,Baltimore -4.5,Baltimore -4.5,Baltimore -4.5,Minnesota +4.5,Minnesota +4.5
Week 10,Game 3,Cleveland -2.5,N.Y. Jets +2.5,Cleveland -2.5,Cleveland -2.5,Cleveland -2.5,Cleveland -2.5,Cleveland -2.5,Cleveland -2.5,Cleveland -2.5,Cleveland -2.5,N.Y. Jets +2.5,Cleveland -2.5,Cleveland -2.5,Cleveland -2.5,N.Y. Jets +2.5,Cleveland -2.5,Cleveland -2.5,Cleveland -2.5,Cleveland -2.5,Cleveland -2.5,N.Y. Jets +2.5,Cleveland -2.5,Cleveland -2.5,N.Y. Jets +2.5
Week 10,Game 4,Tampa Bay -2.5,Tampa Bay -2.5,Tampa Bay -2.5,New England +2.5,New England +2.5,Tampa Bay -2.5,Tampa Bay -2.5,Tampa Bay -2.5,New England +2.5,Tampa Bay -2.5,New England +2.5,Tampa Bay -2.5,Tampa Bay -2.5,New England +2.5,Tampa Bay -2.5,Tampa Bay -2.5,New England +2.5,Tampa Bay -2.5,Tampa Bay -2.5,New England +2.5,New England +2.5,New England +2.5,Tampa Bay -2.5,New England +2.5
Week 10,Game 5,New Orleans +5.5,Carolina -5.5,New Orleans +5.5,Carolina -5.5,Carolina -5.5,Carolina -5.5,New Orleans +5.5,Carolina -5.5,Carolina -5.5,Carolina -5.5,Carolina -5.5,New Orleans +5.5,Carolina -5.5,Carolina -5.5,Carolina -5.5,Carolina -5.5,New Orleans +5.5,New Orleans +5.5,Carolina -5.5,Carolina -5.5,Carolina -5.5,Carolina -5.5,Carolina -5.5,New Orleans +5.5
Week 10,Game 6,Arizona +6.5,Seattle -6.5,Arizona +6.5,Seattle -6.5,Arizona +6.5,Seattle -6.5,Seattle -6.5,Seattle -6.5,Arizona +6.5,Seattle -6.5,Seattle -6.5,Seattle -6.5,Seattle -6.5,Seattle -6.5,Arizona +6.5,Seattle -6.5,Arizona +6.5,Seattle -6.5,Seattle -6.5,Seattle -6.5,Seattle -6.5,Seattle -6.5,Seattle -6.5,Arizona +6.5
Week 10,Game 7,San Francisco +4.5,L.A. Rams -4.5,L.A. Rams -4.5,San Francisco +4.5,San Francisco +4.5,L.A. Rams -4.5,L.A. Rams -4.5,San Francisco +4.5,San Francisco +4.5,L.A. Rams -4.5,San Francisco +4.5,L.A. Rams -4.5,San Francisco +4.5,San Francisco +4.5,San Francisco +4.5,San Francisco +4.5,L.A. Rams -4.5,L.A. Rams -4.5,L.A. Rams -4.5,San Francisco +4.5,L.A. Rams -4.5,L.A. Rams -4.5,San Francisco +4.5,L.A. Rams -4.5
Week 10,Game 8,Washington +8.5,Washington +8.5,Washington +8.5,Detroit -8.5,Detroit -8.5,Detroit -8.5,Detroit -8.5,Detroit -8.5,Detroit -8.5,Detroit -8.5,Detroit -8.5,Detroit -8.5,Detroit -8.5,Detroit -8.5,Detroit -8.5,Detroit -8.5,Detroit -8.5,Washington +8.5,Detroit -8.5,Detroit -8.5,Detroit -8.5,Detroit -8.5,Detroit -8.5,Detroit -8.5
Week 10,Game 9,L.A. Chargers -2.5,L.A. Chargers -2.5,L.A. Chargers -2.5,L.A. Chargers -2.5,L.A. Chargers -2.5,Pittsburgh +2.5,Pittsburgh +2.5,L.A. Chargers -2.5,Pittsburgh +2.5,Pittsburgh +2.5,L.A. Chargers -2.5,Pittsburgh +2.5,L.A. Chargers -2.5,Pittsburgh +2.5,L.A. Chargers -2.5,Pittsburgh +2.5,L.A. Chargers -2.5,Pittsburgh +2.5,L.A. Chargers -2.5,L.A. Chargers -2.5,Pittsburgh +2.5,L.A. Chargers -2.5,Pittsburgh +2.5,L.A. Chargers -2.5
Week 10,Game 10,Green Bay -2.5,Philadelphia +2.5,Green Bay -2.5,Philadelphia +2.5,Green Bay -2.5,Green Bay -2.5,Philadelphia +2.5,Philadelphia +2.5,Philadelphia +2.5,Philadelphia +2.5,Green Bay -2.5,Philadelphia +2.5,Green Bay -2.5,Green Bay -2.5,Philadelphia +2.5,Green Bay -2.5,Green Bay -2.5,Green Bay -2.5,Green Bay -2.5,Philadelphia +2.5,Philadelphia +2.5,Philadelphia +2.5,Green Bay -2.5,Green Bay -2.5
Week 10,Tiebreaker,48,45,48,49,52,44,47,46,50,46,45,42,47,44,44,45,46,48,42,45,41,49,47,47
Week 11,Game 1,Cincinnati +6.5,Cincinnati +6.5,Pittsburgh -6.5,Cincinnati +6.5,Cincinnati +6.5,Cincinnati +6.5,Pittsburgh -6.5,Cincinnati +6.5,Cincinnati +6.5,Cincinnati +6.5,Cincinnati +6.5,Cincinnati +6.5,Cincinnati +6.5,Cincinnati +6.5,Cincinnati +6.5,Cincinnati +6.5,Cincinnati +6.5,Cincinnati +6.5,Cincinnati +6.5,Pittsburgh -6.5,Pittsburgh -6.5,Cincinnati +6.5,Cincinnati +6.5,Pittsburgh -6.5
Week 11,Game 2,Buffalo -5.5,Tampa +5.5,Buffalo -5.5,Tampa +5.5,Buffalo -5.5,Buffalo -5.5,Tampa +5.5,Tampa +5.5,Tampa +5.5,Tampa +5.5,Buffalo -5.5,Tampa +5.5,Buffalo -5.5,Tampa +5.5,Buffalo -5.5,Buffalo -5.5,Buffalo -5.5,Buffalo -5.5,Tampa +5.5,Buffalo -5.5,Buffalo -5.5,Buffalo -5.5,Tampa +5.5,Buffalo -5.5
Week 11,Game 3,N.Y. Giants +7.5,N.Y. Giants +7.5,N.Y. Giants +7.5,Green Bay -7.5,Green Bay -7.5,N.Y. Giants +7.5,Green Bay -7.5,Green Bay -7.5,Green Bay -7.5,Green Bay -7.5,Green Bay -7.5,Green Bay -7.5,Green Bay -7.5,Green Bay -7.5,Green Bay -7.5,Green Bay -7.5,Green Bay -7.5,N.Y. Giants +7.5,Green Bay -7.5,Green Bay -7.5,Green Bay -7.5,Green Bay -7.5,N.Y. Giants +7.5,N.Y. Giants +7.5
Week 11,Game 4,Chicago +3.5,Minnesota -3.5,Minnesota -3.5,Chicago +3.5,Chicago +3.5,Chicago +3.5,Chicago +3.5,Chicago +3.5,Chicago +3.5,Chicago +3.5,Chicago +3.5,Chicago +3.5,Minnesota -3.5,Minnesota -3.5,Chicago +3.5,Minnesota -3.5,Minnesota -3.5,Chicago +3.5,Chicago +3.5,Chicago +3.5,Minnesota -3.5,Chicago +3.5,Minnesota -3.5,Minnesota -3.5
Week 11,Game 5,L.A. Rams -2.5,Seattle +2.5,L.A. Rams -2.5,L.A. Rams -2.5,L.A. Rams -2.5,L.A. Rams -2.5,L.A. Rams -2.5,Seattle +2.5,L.A. Rams -2.5,L.A. Rams -2.5,L.A. Rams -2.5,Seattle +2.5,Seattle +2.5,L.A. Rams -2.5,L.A. Rams -2.5,L.A. Rams -2.5,L.A. Rams -2.5,Seattle +2.5,L.A. Rams -2.5,L.A. Rams -2.5,Seattle +2.5,L.A. Rams -2.5,L.A. Rams -2.5,Seattle +2.5
Week 11,Game 6,Arizona +3.5,San Francisco -3.5,Arizona +3.5,Arizona +3.5,Arizona +3.5,Arizona +3.5,San Francisco -3.5,San Francisco -3.5,Arizona +3.5,San Francisco -3.5,Arizona +3.5,San Francisco -3.5,San Francisco -3.5,San Francisco -3.5,Arizona +3.5,San Francisco -3.5,Arizona +3.5,Arizona +3.5,San Francisco -3.5,San Francisco -3.5,San Francisco -3.5,San Francisco -3.5,Arizona +3.5,Arizona +3.5
Week 11,Game 7,Baltimore -7.5,Baltimore -7.5,Cleveland +7.5,Baltimore -7.5,Baltimore -7.5,Baltimore -7.5,Baltimore -7.5,Baltimore -7.5,Cleveland +7.5,Baltimore -7.5,Baltimore -7.5,Baltimore -7.5,Baltimore -7.5,Baltimore -7.5,Baltimore -7.5,Baltimore -7.5,Cleveland +7.5,Cleveland +7.5,Baltimore -7.5,Baltimore -7.5,Baltimore -7.5,Baltimore -7.5,Baltimore -7.5,Baltimore -7.5
Week 11,Game 8,Kansas City -3.5,Kansas City -3.5,Denver +3.5,Denver +3.5,Denver +3.5,Kansas City -3.5,Kansas City -3.5,Denver +3.5,Kansas City -3.5,Denver +3.5,Denver +3.5,Kansas City -3.5,Denver +3.5,Kansas City -3.5,Kansas City -3.5,Denver +3.5,Kansas City -3.5,Kansas City -3.5,Kansas City -3.5,Kansas City -3.5,Kansas City -3.5,Denver +3.5,Kansas City -3.5,Denver +3.5
Week 11,Game 9,Detroit +2.5,Philadelphia -2.5,Detroit +2.5,Detroit +2.5,Detroit +2.5,Philadelphia -2.5,Detroit +2.5,Detroit +2.5,Philadelphia -2.5,Detroit +2.5,Detroit +2.5,Philadelphia -2.5,Detroit +2.5,Detroit +2.5,Detroit +2.5,Philadelphia -2.5,Philadelphia -2.5,Detroit +2.5,Detroit +2.5,Detroit +2.5,Detroit +2.5,Detroit +2.5,Detroit +2.5,Philadelphia -2.5
Week 11,Game 10,Dallas -3.5,Dallas -3.5,Dallas -3.5,Dallas -3.5,Dallas -3.5,Dallas -3.5,Dallas -3.5,Dallas -3.5,L.V. Raiders +3.5,Dallas -3.5,Dallas -3.5,Dallas -3.5,Dallas -3.5,Dallas -3.5,Dallas -3.5,Dallas -3.5,Dallas -3.5,L.V. Raiders +3.5,Dallas -3.5,Dallas -3.5,Dallas -3.5,L.V. Raiders +3.5,Dallas -3.5,L.V. Raiders +3.5
Week 11,Tiebreaker,48,42,52,44,48,45,49,50,42,48,45,5,47,40,44,47,43,49,44,45,40,46,47,46
Week 12,Game 1,Chicago -2.5,Chicago -2.5,Chicago -2.5,Chicago -2.5,Pittsburgh +2.5,Chicago -2.5,Chicago -2.5,Chicago -2.5,Pittsburgh +2.5,Pittsburgh +2.5,Chicago -2.5,Chicago -2.5,Chicago -2.5,Chicago -2.5,Chicago -2.5,Chicago -2.5,Chicago -2.5,Chicago -2.5,Chicago -2.5,Chicago -2.5,Chicago -2.5,Chicago -2.5,Chicago -2.5,Pittsburgh +2.5
Week 12,Game 2,Detroit -10.5,Detroit -10.5,Detroit -10.5,Detroit -10.5,Detroit -10.5,Detroit -10.5,Detroit -10.5,Detroit -10.5,N.Y. Giants +10.5,Detroit -10.5,Detroit -10.5,Detroit -10.5,Detroit -10.5,Detroit -10.5,Detroit -10.5,Detroit -10.5,Detroit -10.5,Detroit -10.5,Detroit -10.5,Detroit -10.5,Detroit -10.5,Detroit -10.5,Detroit -10.5,Detroit -10.5
Week 12,Game 3,Indianapolis +3.5,Kansas City -3.5,Indianapolis +3.5,Kansas City -3.5,Kansas City -3.5,Kansas City -3.5,Kansas City -3.5,Kansas City -3.5,Kansas City -3.5,Kansas City -3.5,Kansas City -3.5,Indianapolis +3.5,Indianapolis +3.5,Kansas City -3.5,Kansas City -3.5,Kansas City -3.5,Kansas City -3.5,Indianapolis +3.5,Indianapolis +3.5,Indianapolis +3.5,Indianapolis +3.5,Indianapolis +3.5,Indianapolis +3.5,Kansas City -3.5
Week 12,Game 4,New England -8.5,Cincinnati +8.5,New England -8.5,Cincinnati +8.5,Cincinnati +8.5,Cincinnati +8.5,New England -8.5,New England -8.5,Cincinnati +8.5,New England -8.5,New England -8.5,New England -8.5,Cincinnati +8.5,Cincinnati +8.5,Cincinnati +8.5,New England -8.5,Cincinnati +8.5,Cincinnati +8.5,Cincinnati +8.5,Cincinnati +8.5,New England -8.5,Cincinnati +8.5,Cincinnati +8.5,Cincinnati +8.5
Week 12,Game 5,Cleveland +4.5,Las Vegas -4.5,Cleveland +4.5,Cleveland +4.5,Cleveland +4.5,Las Vegas -4.5,Cleveland +4.5,Cleveland +4.5,Cleveland +4.5,Cleveland +4.5,Las Vegas -4.5,Cleveland +4.5,Cleveland +4.5,Las Vegas -4.5,Cleveland +4.5,Cleveland +4.5,Las Vegas -4.5,Cleveland +4.5,Cleveland +4.5,Las Vegas -4.5,Cleveland +4.5,Cleveland +4.5,Cleveland +4.5,Las Vegas -4.5
Week 12,Game 6,Arizona +2.5,Jacksonville -2.5,Jacksonville -2.5,Jacksonville -2.5,Jacksonville -2.5,Arizona +2.5,Jacksonville -2.5,Arizona +2.5,Jacksonville -2.5,Arizona +2.5,Jacksonville -2.5,Arizona +2.5,Jacksonville -2.5,Arizona +2.5,Jacksonville -2.5,Jacksonville -2.5,Jacksonville -2.5,Arizona +2.5,Jacksonville -2.5,Jacksonville -2.5,Jacksonville -2.5,Arizona +2.5,Arizona +2.5,Arizona +2.5
Week 12,Game 7,Dallas +3.5,Dallas +3.5,Dallas +3.5,Dallas +3.5,Dallas +3.5,Philadelphia -3.5,Philadelphia -3.5,Dallas +3.5,Philadelphia -3.5,Philadelphia -3.5,Dallas +3.5,Philadelphia -3.5,Dallas +3.5,Philadelphia -3.5,Philadelphia -3.5,Philadelphia -3.5,Dallas +3.5,Dallas +3.5,Philadelphia -3.5,Dallas +3.5,Philadelphia -3.5,Dallas +3.5,Philadelphia -3.5,Dallas +3.5
Week 12,Game 8,New Orleans -1.5,Atlanta +1.5,Atlanta +1.5,New Orleans -1.5,New Orleans -1.5,Atlanta +1.5,Atlanta +1.5,Atlanta +1.5,Atlanta +1.5,Atlanta +1.5,New Orleans -1.5,New Orleans -1.5,New Orleans -1.5,Atlanta +1.5,Atlanta +1.5,New Orleans -1.5,New Orleans -1.5,Atlanta +1.5,Atlanta +1.5,Atlanta +1.5,Atlanta +1.5,New Orleans -1.5,Atlanta +1.5,New Orleans -1.5
Week 12,Game 9,Tampa Bay +7.5,Tampa Bay +7.5,L.A. Rams -7.5,L.A. Rams -7.5,Tampa Bay +7.5,Tampa Bay +7.5,L.A. Rams -7.5,Tampa Bay +7.5,Tampa Bay +7.5,Tampa Bay +7.5,L.A. Rams -7.5,Tampa Bay +7.5,Tampa Bay +7.5,Tampa Bay +7.5,Tampa Bay +7.5,L.A. Rams -7.5,L.A. Rams -7.5,L.A. Rams -7.5,Tampa Bay +7.5,L.A. Rams -7.5,Tampa Bay +7.5,L.A. Rams -7.5,Tampa Bay +7.5,Tampa Bay +7.5
Week 12,Game 10,San Francisco -7.5,San Francisco -7.5,San Francisco -7.5,Carolina +7.5,Carolina +7.5,Carolina +7.5,San Francisco -7.5,San Francisco -7.5,San Francisco -7.5,San Francisco -7.5,San Francisco -7.5,San Francisco -7.5,San Francisco -7.5,Carolina +7.5,San Francisco -7.5,San Francisco -7.5,San Francisco -7.5,San Francisco -7.5,San Francisco -7.5,San Francisco -7.5,Carolina +7.5,San Francisco -7.5,San Francisco -7.5,San Francisco -7.5
Week 12,Tiebreaker,55,42,48,53,51,45,44,52,45,47,45,54,48,41,44,45,44,47,44,47,38,42,42,46
Week 13,Game 1,Detroit -2.5,Green Bay +2.5,Detroit -2.5,Detroit -2.5,Detroit -2.5,Detroit -2.5,Detroit -2.5,Detroit -2.5,Detroit -2.5,Detroit -2.5,Detroit -2.5,Detroit -2.5,Detroit -2.5,Detroit -2.5,Detroit -2.5,Detroit -2.5,Green Bay +2.5,Detroit -2.5,Detroit -2.5,Detroit -2.5,Detroit -2.5,Detroit -2.5,Detroit -2.5,Green Bay +2.5
Week 13,Game 2,Kansas City -3.5,Kansas City -3.5,Dallas +3.5,Dallas +3.5,Dallas +3.5,Dallas +3.5,Kansas City -3.5,Dallas +3.5,Kansas City -3.5,Kansas City -3.5,Kansas City -3.5,Kansas City -3.5,Dallas +3.5,Kansas City -3.5,Dallas +3.5,Dallas +3.5,Dallas +3.5,Dallas +3.5,Dallas +3.5,Dallas +3.5,Dallas +3.5,Dallas +3.5,Dallas +3.5,Kansas City -3.5
Week 13,Game 3,Cleveland +6.5,San Francisco -6.5,Cleveland +6.5,San Francisco -6.5,Cleveland +6.5,Cleveland +6.5,Cleveland +6.5,Cleveland +6.5,Cleveland +6.5,San Francisco -6.5,San Francisco -6.5,Cleveland +6.5,Cleveland +6.5,San Francisco -6.5,San Francisco -6.5,Cleveland +6.5,San Francisco -6.5,Cleveland +6.5,San Francisco -6.5,San Francisco -6.5,Cleveland +6.5,Cleveland +6.5,Cleveland +6.5,Cleveland +6.5
Week 13,Game 4,Houston +4.5,Houston +4.5,Indianapolis -4.5,Houston +4.5,Indianapolis -4.5,Houston +4.5,Indianapolis -4.5,Houston +4.5,Houston +4.5,Houston +4.5,Indianapolis -4.5,Houston +4.5,Indianapolis -4.5,Houston +4.5,Indianapolis -4.5,Indianapolis -4.5,Houston +4.5,Indianapolis -4.5,Indianapolis -4.5,Indianapolis -4.5,Indianapolis -4.5,Indianapolis -4.5,Indianapolis -4.5,Indianapolis -4.5
Week 13,Game 5,Atlanta -2.5,Atlanta -2.5,N.Y. Jets +2.5,N.Y. Jets +2.5,Atlanta -2.5,N.Y. Jets +2.5,Atlanta -2.5,Atlanta -2.5,Atlanta -2.5,Atlanta -2.5,Atlanta -2.5,Atlanta -2.5,N.Y. Jets +2.5,N.Y. Jets +2.5,Atlanta -2.5,N.Y. Jets +2.5,Atlanta -2.5,Atlanta -2.5,Atlanta -2.5,Atlanta -2.5,Atlanta -2.5,Atlanta -2.5,Atlanta -2.5,N.Y. Jets +2.5
Week 13,Game 6,Seattle -10.5,Minnesota +10.5,Seattle -10.5,Seattle -10.5,Seattle -10.5,Seattle -10.5,Seattle -10.5,Seattle -10.5,Seattle -10.5,Minnesota +10.5,Seattle -10.5,Seattle -10.5,Seattle -10.5,Seattle -10.5,Seattle -10.5,Seattle -10.5,Seattle -10.5,Seattle -10.5,Seattle -10.5,Minnesota +10.5,Seattle -10.5,Seattle -10.5,Minnesota +10.5,Seattle -10.5
Week 13,Game 7,Buffalo -4.5,Buffalo -4.5,Buffalo -4.5,Pittsburgh +4.5,Pittsburgh +4.5,Buffalo -4.5,Buffalo -4.5,Pittsburgh +4.5,Pittsburgh +4.5,Buffalo -4.5,Buffalo -4.5,Buffalo -4.5,Buffalo -4.5,Buffalo -4.5,Buffalo -4.5,Buffalo -4.5,Buffalo -4.5,Buffalo -4.5,Buffalo -4.5,Buffalo -4.5,Buffalo -4.5,Buffalo -4.5,Buffalo -4.5,Buffalo -4.5
Week 13,Game 8,L.A. Chargers -9.5,L.V. Raiders +9.5,L.A. Chargers -9.5,L.A. Chargers -9.5,L.A. Chargers -9.5,L.A. Chargers -9.5,L.V. Raiders +9.5,L.A. Chargers -9.5,L.V. Raiders +9.5,L.A. Chargers -9.5,L.A. Chargers -9.5,L.A. Chargers -9.5,L.A. Chargers -9.5,L.A. Chargers -9.5,L.A. Chargers -9.5,L.A. Chargers -9.5,L.A. Chargers -9.5,L.A. Chargers -9.5,L.A. Chargers -9.5,L.A. Chargers -9.5,L.A. Chargers -9.5,L.A. Chargers -9.5,L.A. Chargers -9.5,L.A. Chargers -9.5
Week 13,Game 9,Denver -6.5,Washington +6.5,Washington +6.5,Denver -6.5,Denver -6.5,Denver -6.5,Denver -6.5,Denver -6.5,Washington +6.5,Washington +6.5,Denver -6.5,Denver -6.5,Denver -6.5,Denver -6.5,Washington +6.5,Denver -6.5,Denver -6.5,Washington +6.5,Denver -6.5,Denver -6.5,Washington +6.5,Denver -6.5,Washington +6.5,Washington +6.5
Week 13,Game 10,N.Y. Giants +7.5,N.Y. Giants +7.5,New England -7.5,New England -7.5,New England -7.5,New England -7.5,N.Y. Giants +7.5,New England -7.5,New England -7.5,New England -7.5,New England -7.5,New England -7.5,New England -7.5,N.Y. Giants +7.5,New England -7.5,New England -7.5,New England -7.5,N.Y. Giants +7.5,New England -7.5,New England -7.5,New England -7.5,N.Y. Giants +7.5,N.Y. Giants +7.5,New England -7.5
Week 13,Tiebreaker,Tiebreaker: 42,Tiebreaker: 43,Tiebreaker: 42,Tiebreaker: 52,Tiebreaker: 47,Tiebreaker: 45,Tiebreaker: 42,Tiebreaker: 47,Tiebreaker: 44,Tiebreaker: 45,Tiebreaker: 45,Tiebreaker: 55,Tiebreaker: 49,Tiebreaker: 48,Tiebreaker: 44,Tiebreaker: 44,Tiebreaker: 38,Tiebreaker: 47,Tiebreaker: 42,Tiebreaker: 43,Tiebreaker: 40,Tiebreaker: 42,Tiebreaker: 35,Tiebreaker: 45
Week 14,Game 1,Seattle -7.5,Seattle -7.5,Atlanta +7.5,Seattle -7.5,Seattle -7.5,Atlanta +7.5,Seattle -7.5,Seattle -7.5,Seattle -7.5,Seattle -7.5,Seattle -7.5,Atlanta +7.5,Seattle -7.5,Seattle -7.5,Atlanta +7.5,Seattle -7.5,Seattle -7.5,Seattle -7.5,Seattle -7.5,Seattle -7.5,Atlanta +7.5,Seattle -7.5,Seattle -7.5,Atlanta +7.5
Week 14,Game 2,Cincinnati +5.5,Cincinnati +5.5,Cincinnati +5.5,Buffalo -5.5,Buffalo -5.5,Cincinnati +5.5,Buffalo -5.5,Buffalo -5.5,Buffalo -5.5,Buffalo -5.5,Cincinnati +5.5,Buffalo -5.5,Buffalo -5.5,Buffalo -5.5,Cincinnati +5.5,Buffalo -5.5,Buffalo -5.5,Buffalo -5.5,Cincinnati +5.5,Cincinnati +5.5,Cincinnati +5.5,Cincinnati +5.5,Cincinnati +5.5,Buffalo -5.5
Week 14,Game 3,Cleveland -4.5,Tennessee +4.5,Cleveland -4.5,Tennessee +4.5,Cleveland -4.5,Tennessee +4.5,Cleveland -4.5,Cleveland -4.5,Cleveland -4.5,Tennessee +4.5,Cleveland -4.5,Cleveland -4.5,Cleveland -4.5,Tennessee +4.5,Tennessee +4.5,Cleveland -4.5,Cleveland -4.5,Cleveland -4.5,Cleveland -4.5,Cleveland -4.5,Cleveland -4.5,Cleveland -4.5,Tennessee +4.5,Tennessee +4.5
Week 14,Game 4,N.Y. Jets +2.5,N.Y. Jets +2.5,N.Y. Jets +2.5,Miami -2.5,Miami -2.5,N.Y. Jets +2.5,Miami -2.5,Miami -2.5,Miami -2.5,Miami -2.5,Miami -2.5,N.Y. Jets +2.5,Miami -2.5,N.Y. Jets +2.5,Miami -2.5,N.Y. Jets +2.5,Miami -2.5,Miami -2.5,Miami -2.5,Miami -2.5,N.Y. Jets +2.5,Miami -2.5,Miami -2.5,N.Y. Jets +2.5
Week 14,Game 5,Jacksonville +1.5,Indianapolis -1.5,Indianapolis -1.5,Jacksonville +1.5,Jacksonville +1.5,Jacksonville +1.5,Jacksonville +1.5,Indianapolis -1.5,Jacksonville +1.5,Jacksonville +1.5,Indianapolis -1.5,Jacksonville +1.5,Indianapolis -1.5,Jacksonville +1.5,Jacksonville +1.5,Jacksonville +1.5,Indianapolis -1.5,Jacksonville +1.5,Indianapolis -1.5,Jacksonville +1.5,Jacksonville +1.5,Indianapolis -1.5,Indianapolis -1.5,Indianapolis -1.5
Week 14,Game 6,Pittsburgh +6.5,Pittsburgh +6.5,Baltimore -6.5,Pittsburgh +6.5,Pittsburgh +6.5,Pittsburgh +6.5,Baltimore -6.5,Pittsburgh +6.5,Baltimore -6.5,Pittsburgh +6.5,Baltimore -6.5,Baltimore -6.5,Pittsburgh +6.5,Baltimore -6.5,Baltimore -6.5,Baltimore -6.5,Baltimore -6.5,Pittsburgh +6.5,Baltimore -6.5,Baltimore -6.5,Pittsburgh +6.5,Pittsburgh +6.5,Pittsburgh +6.5,Pittsburgh +6.5
Week 14,Game 7,Chicago +6.5,Chicago +6.5,Green Bay -6.5,Chicago +6.5,Chicago +6.5,Chicago +6.5,Green Bay -6.5,Chicago +6.5,Green Bay -6.5,Chicago +6.5,Green Bay -6.5,Chicago +6.5,Chicago +6.5,Chicago +6.5,Green Bay -6.5,Chicago +6.5,Green Bay -6.5,Chicago +6.5,Chicago +6.5,Chicago +6.5,Chicago +6.5,Green Bay -6.5,Chicago +6.5,Green Bay -6.5
Week 14,Game 8,L.A. Rams -7.5,L.A. Rams -7.5,L.A. Rams -7.5,L.A. Rams -7.5,L.A. Rams -7.5,Arizona +7.5,L.A. Rams -7.5,L.A. Rams -7.5,L.A. Rams -7.5,L.A. Rams -7.5,L.A. Rams -7.5,Arizona +7.5,L.A. Rams -7.5,L.A. Rams -7.5,Arizona +7.5,L.A. Rams -7.5,L.A. Rams -7.5,L.A. Rams -7.5,L.A. Rams -7.5,L.A. Rams -7.5,L.A. Rams -7.5,L.A. Rams -7.5,Arizona +7.5,L.A. Rams -7.5
Week 14,Game 9,Houston +3.5,Houston +3.5,Kansas City -3.5,Kansas City -3.5,Houston +3.5,Houston +3.5,Kansas City -3.5,Houston +3.5,Houston +3.5,Houston +3.5,Kansas City -3.5,Kansas City -3.5,Kansas City -3.5,Kansas City -3.5,Kansas City -3.5,Houston +3.5,Kansas City -3.5,Kansas City -3.5,Kansas City -3.5,Houston +3.5,Houston +3.5,Houston +3.5,Houston +3.5,Kansas City -3.5
Week 14,Game 10,L.A. Chargers +3.5,Philadelphia -3.5,Philadelphia -3.5,L.A. Chargers +3.5,L.A. Chargers +3.5,L.A. Chargers +3.5,Philadelphia -3.5,Philadelphia -3.5,L.A. Chargers +3.5,Philadelphia -3.5,L.A. Chargers +3.5,L.A. Chargers +3.5,L.A. Chargers +3.5,Philadelphia -3.5,Philadelphia -3.5,Philadelphia -3.5,Philadelphia -3.5,L.A. Chargers +3.5,Philadelphia -3.5,L.A. Chargers +3.5,L.A. Chargers +3.5,L.A. Chargers +3.5,L.A. Chargers +3.5,L.A. Chargers +3.5
Week 14,Tiebreaker,Tiebreaker: 35,Tiebreaker: 45,Tiebreaker: 48,Tiebreaker: 39,Tiebreaker: 42,Tiebreaker: 44,Tiebreaker: 42,Tiebreaker: 39,Tiebreaker: 44,Tiebreaker: 43,Tiebreaker: 45,Tiebreaker: 51,Tiebreaker: 47,Tiebreaker: 38,Tiebreaker: 44,Tiebreaker: 45,Tiebreaker: 45,Tiebreaker: 48,Tiebreaker: 40,Tiebreaker: 45,Tiebreaker: 43,Tiebreaker: 44,Tiebreaker: 42,Tiebreaker: 41